1;1;25;1;1;Barbarian 2 ;http://fr.wikipedia.org/wiki/Barbarian_II:_The_Dungeon_of_Drax;no-image.png
2;11;25;2;7;Batman : The Movie ;http://fr.wikipedia.org/wiki/Batman:_The_Movie;no-image.png
3;18;25;2;7;Burning rubber ;http://fr.wikipedia.org/wiki/Burnin%27_Rubber_%28GX-4000%29;no-image.png
4;38;25;3;1;Fire & Forget II ;http://fr.wikipedia.org/wiki/Fire_and_Forget_II;no-image.png
5;1;26;62;1;Action force ;;no-image.png
6;1;26;4;1;Air-Sea Battle ;http://fr.wikipedia.org/wiki/Air-Sea_Battle;no-image.png
7;1;26;4;1;Battlezone;http://fr.wikipedia.org/wiki/Battlezone;no-image.png
8;1;26;62;1;Big Bird's Egg Catch ;;no-image.png
9;1;26;5;1;Carnival ;http://fr.wikipedia.org/wiki/Carnival_%28jeu_vid%C3%A9o%29;no-image.png
10;1;26;4;1;Centipede ;http://fr.wikipedia.org/wiki/Centipede;no-image.png
11;1;26;62;1;Combat ;;no-image.png
12;1;26;62;1;Desert Falcon ;;no-image.png
13;1;26;6;1;Dig Dug ;http://fr.wikipedia.org/wiki/Dig_Dug;no-image.png
14;1;26;7;1;Donkey Kong ;http://fr.wikipedia.org/wiki/Donkey_Kong_%28jeu_vid%C3%A9o%29;no-image.png
15;1;26;62;1;Fire Fighter ;;no-image.png
16;1;26;4;1;Haunted House ;http://fr.wikipedia.org/wiki/Haunted_House_%28Atari_2600%29;no-image.png
17;1;26;62;1;Indy 500 ;;no-image.png
18;1;26;8;1;Joust ;http://fr.wikipedia.org/wiki/Joust;no-image.png
19;1;26;62;1;Jungle Hunt ;;no-image.png
20;1;26;62;1;Kangaroo ;;no-image.png
21;1;26;62;1;Les Schtroumpfs ;;no-image.png
22;1;26;62;1;Meteor defense ;;no-image.png
23;1;26;4;1;Missile Command ;http://fr.wikipedia.org/wiki/Missile_Command;no-image.png
24;1;26;62;1;Outlaw ;;no-image.png
25;1;26;6;1;Pac man ;http://fr.wikipedia.org/wiki/Pac-Man;no-image.png
26;1;26;62;1;Phoenix ;;no-image.png
27;1;26;62;1;Realsports Soccer ;;no-image.png
28;1;26;62;1;Robin Hood ;;no-image.png
29;1;26;62;1;Sir Lancelot ;;no-image.png
30;1;26;62;1;Skate Boardin': A Radical Adventure ;;no-image.png
31;1;26;62;1;Sky alien ;;no-image.png
32;1;26;62;1;Sky Diver ;;no-image.png
33;1;26;9;1;Space Invaders ;http://fr.wikipedia.org/wiki/Space_Invaders;no-image.png
34;1;26;62;1;Space Shuttle: A Journey Into Space ;;no-image.png
35;1;26;62;1;Star strike ;;no-image.png
36;1;26;62;1;Stargate ;;no-image.png
37;1;26;62;1;Street Racer ;;no-image.png
38;1;26;62;1;Video Olympics ;;no-image.png
39;1;26;62;1;Video Pinball ;;no-image.png
40;1;26;5;1;Zaxxon ;http://fr.wikipedia.org/wiki/Zaxxon;no-image.png
41;1;27;11;1;Ikari Warriors ;http://fr.wikipedia.org/wiki/Ikari_Warriors_%28jeu_vid%C3%A9o%29;no-image.png
42;1;27;62;1;Jinks ;;no-image.png
43;1;27;62;1;Mean 18 Ultimate Golf ;;no-image.png
44;1;27;62;1;Title Match Pro Wrestling ;;no-image.png
45;1;29;12;1;dragon the bruce lee story;http://fr.wikipedia.org/wiki/Dragon:_The_Bruce_Lee_Story_%28jeu_vid%C3%A9o%29;no-image.png
46;1;29;4;1;bubsy: Fractured Furry Tails;http://fr.wikipedia.org/wiki/Bubsy_in:_Fractured_Furry_Tales;no-image.png
47;1;29;4;1;iron soldier;http://fr.wikipedia.org/wiki/Iron_Soldier;no-image.png
48;1;29;4;1;white men can't jump;http://fr.wikipedia.org/wiki/Les_blancs_ne_savent_pas_sauter_%28jeu_vid%C3%A9o%29;no-image.png
49;1;29;12;1;cannon fodder;http://fr.wikipedia.org/wiki/Cannon_Fodder;no-image.png
50;1;29;4;1;cybermorph;http://fr.wikipedia.org/wiki/Cybermorph;no-image.png
51;1;29;4;1;cybermorph;http://fr.wikipedia.org/wiki/Cybermorph;no-image.png
52;1;29;4;1;cybermorph;http://fr.wikipedia.org/wiki/Cybermorph;no-image.png
53;1;29;2;1;Theme park;http://fr.wikipedia.org/wiki/Theme_Park;no-image.png
54;1;29;2;1;Theme park;http://fr.wikipedia.org/wiki/Theme_Park;no-image.png
55;1;29;2;1;Theme park;http://fr.wikipedia.org/wiki/Theme_Park;no-image.png
56;1;29;4;1;Doom;http://fr.wikipedia.org/wiki/Doom_%28jeu_vid%C3%A9o%29;no-image.png
57;1;29;4;1;Doom;http://fr.wikipedia.org/wiki/Doom_%28jeu_vid%C3%A9o%29;no-image.png
58;1;29;2;1;Syndicate;http://fr.wikipedia.org/wiki/Syndicate_%28jeu_vid%C3%A9o%29;no-image.png
59;1;29;4;1;Alien versus Predator;http://fr.wikipedia.org/wiki/Alien_vs._Predator_%28Jaguar%29;no-image.png
60;1;29;4;1;Wolfenstein 3D;http://fr.wikipedia.org/wiki/Wolfenstein_3D;no-image.png
61;1;29;4;1;Atari Karts;http://fr.wikipedia.org/wiki/Atari_Karts;no-image.png
62;1;29;13;1;Rayman;http://fr.wikipedia.org/wiki/Rayman_%28jeu_vid%C3%A9o%29;no-image.png
63;1;29;4;1;Tempest 2000;http://fr.wikipedia.org/wiki/Tempest_2000;no-image.png
64;1;29;4;1;Pitfall: The Mayan Adventure;http://fr.wikipedia.org/wiki/Pitfall:_The_Mayan_Adventure;no-image.png
65;1;29;4;1;Val D'Isere Skiing and Snowboarding;http://fr.wikipedia.org/wiki/Val_d%27Is%C3%A8re_Skiing_and_Snowboarding;no-image.png
66;1;29;4;1;Trevor McFur in the Crescent Galaxy;http://fr.wikipedia.org/wiki/Trevor_McFur_in_the_Crescent_Galaxy;no-image.png
67;1;29;4;1;FlipOut;http://fr.wikipedia.org/wiki/Flip_Out!;no-image.png
68;1;29;4;1;Ruiner Pinball;http://fr.wikipedia.org/wiki/Ruiner_Pinball;no-image.png
69;1;29;4;1;Flashback;http://fr.wikipedia.org/wiki/Flashback:_The_Quest_for_Identity;no-image.png
70;1;29;4;1;Zool2;http://fr.wikipedia.org/wiki/Zool_2;no-image.png
71;1;29;4;2;Kasumi Ninja;http://fr.wikipedia.org/wiki/Kasumi_Ninja;no-image.png
72;1;29;14;3;Raiden;http://fr.wikipedia.org/wiki/Raiden_%28jeu_vid%C3%A9o%29;no-image.png
73;1;29;15;1;Fever Pitch Soccer;;no-image.png
74;1;29;16;4;Brutal Sports Football;http://fr.wikipedia.org/wiki/Brutal_Football:_Brutal_Sports_Series;no-image.png
75;1;29;17;5;Pinball Fantasies;http://fr.wikipedia.org/wiki/Pinball_Fantasies;no-image.png
76;1;29;8;1;Troy Aikman NFL Football;http://fr.wikipedia.org/wiki/Troy_Aikman_NFL_Football;no-image.png
77;1;29;62;1;Hover Strike;;no-image.png
78;1;29;4;6;White Men Can't Jump;;no-image.png
79;1;29;62;1;Club Drive;;no-image.png
80;1;29;62;1;SuperCross 3D;;no-image.png
81;1;30;4;1;Hover Strike : Unconquered Lands;http://fr.wikipedia.org/wiki/Hover_Strike:_Unconquered_Lands;no-image.png
82;1;30;4;1;Myst Demo;http://fr.wikipedia.org/wiki/Myst;no-image.png
83;1;30;4;1;Myst;http://fr.wikipedia.org/wiki/Myst;no-image.png
84;1;30;4;1;Highlander : The Last of the MacLeods;http://fr.wikipedia.org/wiki/Highlander:_The_Last_of_the_MacLeods;no-image.png
85;1;30;4;1;Blue Lightning;http://fr.wikipedia.org/wiki/Blue_Lightning_%28Jaguar%29;no-image.png
86;1;30;18;1;Dragon's Lair ;http://fr.wikipedia.org/wiki/Dragon%27s_Lair;no-image.png
87;1;30;18;1;Space Ace ;http://fr.wikipedia.org/wiki/Space_Ace;no-image.png
88;1;30;4;1;Vid Grid ;http://fr.wikipedia.org/wiki/Vid_Grid;no-image.png
89;1;30;4;1;Battlemorph;http://fr.wikipedia.org/wiki/Battlemorph;no-image.png
90;1;30;4;1;Baldies;http://fr.wikipedia.org/wiki/Baldies;no-image.png
91;1;28;4;1;Batman Returns;http://fr.wikipedia.org/wiki/Batman_Returns_%28jeu_vid%C3%A9o%29;no-image.png
92;1;33;62;1;Armor Battle ;;no-image.png
93;1;33;62;1;Auto Racing ;;no-image.png
94;1;33;62;1;Baseball ;;no-image.png
95;1;33;62;1;Boxing ;;no-image.png
96;1;33;62;1;Checkers ;;no-image.png
97;1;33;62;1;Football ;;no-image.png
98;1;33;62;1;Frog Bog ;;no-image.png
99;1;33;62;1;Lock 'N Chase ;;no-image.png
100;1;33;62;1;Snafu ;;no-image.png
101;1;33;62;1;Soccer ;;no-image.png
102;1;33;62;1;Space Battle ;;no-image.png
103;1;33;62;1;Star Strike ;;no-image.png
104;1;33;62;1;Sub Hunt ;;no-image.png
105;1;33;62;1;Tennis ;;no-image.png
106;1;33;62;1;Triple Action ;;no-image.png
107;1;33;5;1;Zaxxon ;http://fr.wikipedia.org/wiki/Zaxxon;no-image.png
108;1;34;19;1;Burnout 3 takedown ;http://fr.wikipedia.org/wiki/Burnout_3:_Takedown;no-image.png
109;1;34;19;1;Fifa 2004 ;http://fr.wikipedia.org/wiki/FIFA_Football_2004;no-image.png
110;1;34;20;1;Halo : Combat Evolved;http://fr.wikipedia.org/wiki/Halo:_Combat_Evolved;no-image.png
111;1;34;20;1;Midtown madness 3 ;http://fr.wikipedia.org/wiki/Midtown_Madness_3;no-image.png
112;1;34;19;1;Need for speed underground ;http://fr.wikipedia.org/wiki/Need_for_Speed_Underground;no-image.png
113;1;34;19;1;Need for speed underground 2;http://fr.wikipedia.org/wiki/Need_for_Speed:_Underground_2;no-image.png
114;1;34;21;1;True Crime: Streets of LA ;http://fr.wikipedia.org/wiki/True_Crime:_Streets_of_LA;no-image.png
115;1;35;20;1;Lost Odyssey ;http://fr.wikipedia.org/wiki/Lost_Odyssey;no-image.png
116;1;35;22;1;The Last Remnant ;http://fr.wikipedia.org/wiki/The_Last_Remnant;no-image.png
117;1;36;23;1;Blazing Lazers;http://fr.wikipedia.org/wiki/Blazing_Lazers;no-image.png
118;1;18;7;1;Advance wars dark conflict ;http://fr.wikipedia.org/wiki/Advance_Wars:_Dark_Conflict;no-image.png
119;1;18;7;1;Advance wars dual strike;http://fr.wikipedia.org/wiki/Advance_Wars_:_Double_offensive;no-image.png
120;1;18;24;1;Age of empire II :  the age of king ;http://fr.wikipedia.org/wiki/Age_of_Empires_II:_The_Age_of_Kings;no-image.png
121;1;18;25;1;Anno  1701;http://fr.wikipedia.org/wiki/Anno_1701;no-image.png
122;1;18;22;1;Children of mana ;http://fr.wikipedia.org/wiki/Children_of_Mana;no-image.png
123;1;18;22;1;Final Fantasy III ;http://fr.wikipedia.org/wiki/Final_Fantasy_III_%28Nintendo_DS%29;no-image.png
124;1;18;22;1;Final Fantasy IV ;http://fr.wikipedia.org/wiki/Final_Fantasy_IV_%28Nintendo_DS%29#Nintendo_DS;no-image.png
125;1;18;22;1;Final Fantasy XII revenant wings ;http://fr.wikipedia.org/wiki/Final_Fantasy_XII:_Revenant_Wings;no-image.png
126;1;18;22;1;Final Fantasy Crystal Chronicles Ring of Fates;http://fr.wikipedia.org/wiki/Final_Fantasy_Crystal_Chronicles:_Ring_of_Fates;no-image.png
127;1;18;26;1;Les experts meurtres a las vegas ;;no-image.png
128;1;18;27;1;Phoenix wright ace attorney ;http://fr.wikipedia.org/wiki/Phoenix_Wright:_Ace_Attorney;no-image.png
129;1;18;28;1;Polarium ;http://fr.wikipedia.org/wiki/Polarium;no-image.png
130;1;18;7;1;Programme d'entrainement cerebral du dr Kawashima quel âge a votre cerveau? ;http://fr.wikipedia.org/wiki/Programme_d%27entra%C3%AEnement_c%C3%A9r%C3%A9bral_du_Dr_Kawashima_:_Quel_%C3%A2ge_a_votre_cerveau_%3F;no-image.png
131;1;18;19;1;Theme park ;http://fr.wikipedia.org/wiki/Theme_Park_DS;no-image.png
132;1;18;29;1;Trauma center under the knife ;http://fr.wikipedia.org/wiki/Trauma_Center:_Under_the_Knife;no-image.png
133;1;18;30;1;Worms open warfare ;http://fr.wikipedia.org/wiki/Worms:_Open_Warfare;no-image.png
134;1;10;62;1;Ghostbusters II ;;no-image.png
135;1;10;62;1;Star wars ;;no-image.png
136;1;10;7;1;Super mario land 2 ;http://fr.wikipedia.org/wiki/Super_Mario_Land_2:_6_Golden_Coins;no-image.png
137;1;10;31;1;Mystic Quest;http://fr.wikipedia.org/wiki/Mystic_Quest;no-image.png
138;1;12;22;1;Final Fantasy VI ;http://fr.wikipedia.org/wiki/Final_Fantasy_VI_Advance#Game_Boy_Advance;no-image.png
139;1;12;62;1;Need for speed;;no-image.png
140;1;11;7;1;Tetris DX ;http://fr.wikipedia.org/wiki/Tetris_DX;no-image.png
141;1;11;62;1;Rayman;;no-image.png
142;1;2;62;1;Beyblade: Super Tournament Battle;;no-image.png
143;1;2;4;1;Enter the matrix ;http://fr.wikipedia.org/wiki/Enter_the_Matrix;no-image.png
144;1;2;62;1;F1 2002 ;;no-image.png
145;1;2;22;1;Final Fantasy Crystal Chronicles;http://fr.wikipedia.org/wiki/Final_Fantasy_Crystal_Chronicles;no-image.png
146;1;2;7;1;Mario kart double dash + Mario sunshine;http://fr.wikipedia.org/wiki/Mario_Kart:_Double_Dash!!;no-image.png
147;1;2;7;1;Mario kart double dash ;http://fr.wikipedia.org/wiki/Mario_Kart:_Double_Dash!!;no-image.png
148;1;2;7;1;Mario power tennis ;http://fr.wikipedia.org/wiki/Mario_Power_Tennis;no-image.png
149;1;2;6;1;Tales of symphonia ;http://fr.wikipedia.org/wiki/Tales_of_Symphonia;no-image.png
150;1;13;32;1;Astérix ;http://fr.wikipedia.org/wiki/Ast%C3%A9rix_%28NES%29;no-image.png
151;1;13;33;1;Castlevania ;http://fr.wikipedia.org/wiki/Castlevania;no-image.png
152;1;13;62;1;Chip 'n Dale: Rescue Rangers ;;no-image.png
153;1;13;27;1;Darkwing Duck ;http://fr.wikipedia.org/wiki/Darkwing_Duck_%28jeu_vid%C3%A9o%29;no-image.png
154;1;13;9;1;Double Dragon ;http://fr.wikipedia.org/wiki/Double_Dragon_%28jeu_vid%C3%A9o%29;no-image.png
155;1;13;34;1;Double Dragon 2;http://fr.wikipedia.org/wiki/Double_Dragon_2:_The_Revenge;no-image.png
156;1;13;34;1;Double Dragon 3;http://fr.wikipedia.org/wiki/Double_Dragon_3:_The_Rosetta_Stone;no-image.png
157;1;13;7;1;Dr. Mario ;http://fr.wikipedia.org/wiki/Dr._Mario;no-image.png
158;1;13;35;1;Dragn Ball : Le Secret du Dragon;http://fr.wikipedia.org/wiki/Dragon_Ball_:_le_Secret_du_dragon;no-image.png
159;1;13;7;1;Duck Hunt ;http://fr.wikipedia.org/wiki/Duck_Hunt;no-image.png
160;1;13;7;1;Excitebike ;http://fr.wikipedia.org/wiki/Excitebike;no-image.png
161;1;13;62;1;Ghostbusters II ;;no-image.png
162;1;13;7;1;Golf ;http://fr.wikipedia.org/wiki/Golf_%28jeu_vid%C3%A9o%29;no-image.png
163;1;13;36;1;Gremlins 2: The New Batch ;http://fr.wikipedia.org/wiki/Gremlins_2:_The_New_Batch_%28jeu_vid%C3%A9o%29;no-image.png
164;1;13;7;1;Hogan's Alley ;http://fr.wikipedia.org/wiki/Hogan%27s_Alley_%28jeu_vid%C3%A9o%29;no-image.png
165;1;13;62;1;Isolated Warrior ;;no-image.png
166;1;13;35;1;Les chevaliers du zodiaque;http://fr.wikipedia.org/wiki/Les_Chevaliers_du_Zodiaque_:_la_L%C3%A9gende_d%27or;no-image.png
167;1;13;4;1;Paperboy;http://fr.wikipedia.org/wiki/Paperboy;no-image.png
168;1;13;33;1;Parodius ;http://fr.wikipedia.org/wiki/Parodius;no-image.png
169;1;13;62;1;PinBot ;;no-image.png
170;1;13;33;1;Probotector ;http://fr.wikipedia.org/wiki/Probotector;no-image.png
171;1;13;62;1;Retour vers le futur 2 ;;no-image.png
172;1;13;62;1;Retour vers le futur 3 ;;no-image.png
173;1;13;2;1;RoboCop 2 ;http://fr.wikipedia.org/wiki/RoboCop_2_%28jeu_vid%C3%A9o%29;no-image.png
174;1;13;33;1;Rush'n attack ;http://fr.wikipedia.org/wiki/Green_Beret_%281985%29;no-image.png
175;1;13;7;1;Soccer ;http://fr.wikipedia.org/wiki/Soccer_%28jeu_vid%C3%A9o%29;no-image.png
176;1;13;37;1;Star Wars;;no-image.png
177;1;13;7;1;Stealth;;no-image.png
178;1;13;7;1;Super Mario Bros ;http://fr.wikipedia.org/wiki/Super_Mario_Bros.;no-image.png
179;1;13;7;1;Super mario bross 2 ;http://fr.wikipedia.org/wiki/Super_Mario_Bros._2;no-image.png
180;1;13;7;1;Super mario bross 3;http://fr.wikipedia.org/wiki/Super_Mario_Bros._3;no-image.png
181;1;13;33;1;Teenage mutant hero turtles;http://fr.wikipedia.org/wiki/Teenage_Mutant_Hero_Turtles_%28jeu_vid%C3%A9o%29;no-image.png
182;1;13;33;1;Teenage mutant hero turtles;http://fr.wikipedia.org/wiki/Teenage_Mutant_Hero_Turtles_%28jeu_vid%C3%A9o%29;no-image.png
183;1;13;62;1;Tetris ;;no-image.png
184;1;13;62;1;Tiger Heli ;;no-image.png
185;1;13;62;1;To The Earth ;;no-image.png
186;1;13;62;1;Top Gun ;;no-image.png
187;1;13;62;1;Turbo Racing ;;no-image.png
188;1;38;35;1;Saint Seiya;http://fr.wikipedia.org/wiki/Les_Chevaliers_du_Zodiaque_:_la_L%C3%A9gende_d%27or;no-image.png
189;1;38;35;1;Dragonball3;;no-image.png
190;1;38;39;1;Juliet je t'aime;;no-image.png
191;1;38;40;1;Dragonquest;http://fr.wikipedia.org/wiki/Dragon_Quest_%28jeu_vid%C3%A9o%29;no-image.png
192;1;38;40;1;Dragonquest II;http://fr.wikipedia.org/wiki/Dragon_Quest_II;no-image.png
193;1;38;40;1;Dragonquest III;http://fr.wikipedia.org/wiki/Dragon_Quest_III;no-image.png
194;1;38;40;1;Dragonquest IV;http://fr.wikipedia.org/wiki/Dragon_Quest_IV;no-image.png
195;1;38;31;1;Final fantasy;http://fr.wikipedia.org/wiki/Final_Fantasy_%28jeu_vid%C3%A9o%29;no-image.png
196;1;38;31;1;Final fantasy II;http://fr.wikipedia.org/wiki/Final_Fantasy_II;no-image.png
197;1;38;31;1;Final fantasy III;http://fr.wikipedia.org/wiki/Final_Fantasy_III;no-image.png
198;1;38;31;1;Final fantasy I+II;;no-image.png
199;1;39;40;1;Dragonquest V;http://fr.wikipedia.org/wiki/Dragon_Quest_V;no-image.png
200;1;39;40;1;Dragonquest VI;http://fr.wikipedia.org/wiki/Dragon_Quest_VI;no-image.png
201;1;39;31;1;Final Fantasy IV ;http://fr.wikipedia.org/wiki/Final_Fantasy_IV;no-image.png
202;1;39;31;1;Final fantasy V;http://fr.wikipedia.org/wiki/Final_Fantasy_V;no-image.png
203;1;39;31;1;Final fantasy V;http://fr.wikipedia.org/wiki/Final_Fantasy_V;no-image.png
204;1;39;31;1;Final Fantasy VI ;http://fr.wikipedia.org/wiki/Final_Fantasy_VI;no-image.png
205;1;39;31;1;Final Fantasy VI ;http://fr.wikipedia.org/wiki/Final_Fantasy_VI;no-image.png
206;1;39;35;1;DragonballZ 2;;no-image.png
207;1;39;7;1;Super Metroid;http://fr.wikipedia.org/wiki/Super_Metroid;no-image.png
208;1;15;7;1;Donkey Kong Country ;http://fr.wikipedia.org/wiki/Donkey_Kong_Country;no-image.png
209;1;15;15;1;Flashback : The Quest for Identity;http://fr.wikipedia.org/wiki/Flashback:_The_Quest_for_Identity;no-image.png
210;1;15;32;1;Les Schtroumpfs ;http://fr.wikipedia.org/wiki/Les_Schtroumpfs_%28jeu_vid%C3%A9o,_1994%29;no-image.png
211;1;15;41;1;Mortal Combat;http://fr.wikipedia.org/wiki/Mortal_Kombat_%28jeu_vid%C3%A9o,_1992%29;no-image.png
212;1;15;12;1;Pinocchio ;http://fr.wikipedia.org/wiki/Pinocchio_%28jeu_vid%C3%A9o%29;no-image.png
213;1;15;7;1;Starwing/Star Fox;http://fr.wikipedia.org/wiki/Starwing;no-image.png
214;1;15;7;1;Super Mario All*Stars;http://fr.wikipedia.org/wiki/Super_Mario_All-Stars;no-image.png
215;1;15;7;1;Super Mario Kart;http://fr.wikipedia.org/wiki/Super_Mario_Kart;no-image.png
216;1;15;7;1;Super Mario World;http://fr.wikipedia.org/wiki/Super_Mario_World;no-image.png
217;1;15;7;1;Super R-type;http://fr.wikipedia.org/wiki/Super_R-Type;no-image.png
218;1;15;7;1;Super Star Wars;;no-image.png
219;1;15;19;1;Syndicate;http://fr.wikipedia.org/wiki/Syndicate_%28jeu_vid%C3%A9o%29;no-image.png
220;1;15;10;1;Ultimate mortal kombat 3;http://fr.wikipedia.org/wiki/Liste_de_jeux_Super_Nintendo;no-image.png
221;1;14;7;1;Mario's tennis ;http://fr.wikipedia.org/wiki/Mario%27s_Tennis;no-image.png
222;1;14;23;1;Panic bomber ;http://fr.wikipedia.org/wiki/Panic_Bomber;no-image.png
223;1;14;23;1;Vertical force ;http://fr.wikipedia.org/wiki/Vertical_Force;no-image.png
224;1;14;42;1;Vtetris ;http://fr.wikipedia.org/wiki/V-Tetris;no-image.png
225;1;40;6;1;Dragon Ball revenge of king piccolo ;http://fr.wikipedia.org/wiki/Dragon_Ball:_Revenge_of_King_Piccolo;no-image.png
226;1;40;19;1;EA sport active ;;no-image.png
227;1;40;22;1;Final Fantasy Crystal Chronicles Echoes of Time;http://fr.wikipedia.org/wiki/Final_Fantasy_Crystal_Chronicles:_Echoes_of_Time;no-image.png
228;1;40;13;1;Just dance ;http://fr.wikipedia.org/wiki/Just_Dance_%28jeu_vid%C3%A9o%29;no-image.png
229;1;40;7;1;Mario Kart Wii ;http://fr.wikipedia.org/wiki/Mario_Kart_Wii;no-image.png
230;1;40;7;1;New Super Mario Bros. Wii ;http://fr.wikipedia.org/wiki/New_Super_Mario_Bros._Wii;no-image.png
231;1;40;19;1;Skate it ;http://fr.wikipedia.org/wiki/Skate_It;no-image.png
232;1;40;29;1;Trauma Center : New Blood ;;no-image.png
233;1;40;7;1;Wii fit ;http://fr.wikipedia.org/wiki/Wii_Fit;no-image.png
234;1;40;7;1;Wii play ;http://fr.wikipedia.org/wiki/Wii_Play;no-image.png
235;1;40;7;1;Wii sports ;http://fr.wikipedia.org/wiki/Wii_Sports;no-image.png
236;1;7;5;1;Space Harrier;http://fr.wikipedia.org/wiki/Space_Harrier;no-image.png
237;1;7;5;1;Motocross Championship;http://fr.wikipedia.org/wiki/Motocross_Championship;no-image.png
238;1;7;5;1;Virtua Fighters;http://fr.wikipedia.org/wiki/Virtua_Fighter;no-image.png
239;1;7;5;1;Virtua Racing;http://fr.wikipedia.org/wiki/Virtua_Racing;no-image.png
240;1;9;43;1;NHL ;;no-image.png
241;1;9;5;1;Phantasy star online ;http://fr.wikipedia.org/wiki/Phantasy_Star_Online;no-image.png
242;1;9;21;1;Quake III arena ;http://fr.wikipedia.org/wiki/Quake_III_Arena;no-image.png
243;1;9;5;1;Sonic adventure ;http://fr.wikipedia.org/wiki/Sonic_Adventure;no-image.png
244;1;9;5;1;Sonic adventure 2 the trial ;http://fr.wikipedia.org/wiki/Sonic_Adventure_2;no-image.png
245;1;9;6;1;Soul calibur ;http://fr.wikipedia.org/wiki/Soul_Calibur;no-image.png
246;1;9;62;1;SWWS 2000 ;;no-image.png
247;1;9;62;1;Virtua Fighter 3tb;;no-image.png
248;1;9;5;1;Virtua tennis ;http://fr.wikipedia.org/wiki/Virtua_Tennis;no-image.png
249;1;1;62;1;Ax battler a legend of golden axe ;;no-image.png
250;1;1;44;1;Hook ;http://fr.wikipedia.org/wiki/Hook_%28jeu_vid%C3%A9o,_Sony_Imagesoft%29;no-image.png
251;1;1;5;1;Sonic the Hedgehog ;http://fr.wikipedia.org/wiki/Sonic_the_Hedgehog_%28jeu_vid%C3%A9o,_1991%29;no-image.png
252;1;1;62;1;Virtua Fighter Kids;;no-image.png
253;1;2;5;1;Action fighter ;http://fr.wikipedia.org/wiki/Action_Fighter;no-image.png
254;1;2;5;1;Alex kidd in shinobi world ;http://fr.wikipedia.org/wiki/Alex_Kidd_in_Shinobi_World;no-image.png
255;1;2;5;1;Astérix ;http://fr.wikipedia.org/wiki/Ast%C3%A9rix_%28Master_System%29;no-image.png
256;1;2;5;1;Bomber raid ;http://fr.wikipedia.org/wiki/Bomber_Raid;no-image.png
257;1;2;62;1;Casino games ;;no-image.png
258;1;2;5;1;Castle of illusion starring mickey mouse ;http://fr.wikipedia.org/wiki/Castle_of_Illusion;no-image.png
259;1;2;5;1;Golden axe ;http://fr.wikipedia.org/wiki/Golden_Axe;no-image.png
260;1;2;4;1;Klax ;http://fr.wikipedia.org/wiki/Klax_%28jeu_vid%C3%A9o%29;no-image.png
261;1;2;62;1;Kung fu kid ;;no-image.png
262;1;2;5;1;Moonwalker;http://fr.wikipedia.org/wiki/Michael_Jackson%27s_Moonwalker;no-image.png
263;1;2;4;1;Paperboy ;http://fr.wikipedia.org/wiki/Paperboy;no-image.png
264;1;2;5;1;Psycho fox ;http://fr.wikipedia.org/wiki/Psycho_Fox;no-image.png
265;1;2;4;1;Rampart ;http://fr.wikipedia.org/wiki/Rampart;no-image.png
266;1;2;62;1;RC grand prix ;;no-image.png
267;1;2;5;1;Shinobi;http://fr.wikipedia.org/wiki/Shinobi_%28jeu_vid%C3%A9o,_1987%29;no-image.png
268;1;2;9;1;Super space invaders ;http://fr.wikipedia.org/wiki/Super_Space_Invaders_%2791;no-image.png
269;1;2;62;1;The cyber shinobi ;;no-image.png
270;1;2;62;1;The cyber shinobi ;;no-image.png
271;1;2;5;1;The ninja ;http://fr.wikipedia.org/wiki/The_Ninja;no-image.png
272;1;2;5;1;Thunder blade ;http://fr.wikipedia.org/wiki/Thunder_Blade;no-image.png
273;1;2;45;1;Ultima IV ;http://fr.wikipedia.org/wiki/Ultima_IV;no-image.png
274;1;6;5;1;Ecco the dolphin;http://fr.wikipedia.org/wiki/Ecco_the_Dolphin;no-image.png
275;1;6;12;1;Dune;http://fr.wikipedia.org/wiki/Dune_%28jeu_vid%C3%A9o%29;no-image.png
276;1;6;46;1;Sol-Deace;http://fr.wikipedia.org/wiki/Sol-Deace;no-image.png
277;1;4;12;1;Aladdin ;http://fr.wikipedia.org/wiki/Aladdin_%28Virgin%29;no-image.png
278;1;4;5;1;Castle of illusion starring mickey mouse ;http://fr.wikipedia.org/wiki/Castle_of_Illusion;no-image.png
279;1;4;5;1;Comix Zone ;http://fr.wikipedia.org/wiki/Comix_Zone;no-image.png
280;1;4;12;1;Cool spot ;http://fr.wikipedia.org/wiki/Cool_Spot;no-image.png
281;1;4;5;1;David robinson's supreme court ;http://fr.wikipedia.org/wiki/David_Robinson%27s_Supreme_Court;no-image.png
282;1;4;5;1;Disney tales spin ;http://fr.wikipedia.org/wiki/TaleSpin_%28jeu_vid%C3%A9o%29;no-image.png
283;1;4;47;1;Donald in maui mallard ;http://fr.wikipedia.org/wiki/Donald_Duck_in_Maui_Mallard;no-image.png
284;1;4;5;1;Ecco the Dolphin ;http://fr.wikipedia.org/wiki/Ecco_the_Dolphin;no-image.png
285;1;4;5;1;Evander holyfield's boxing ;http://fr.wikipedia.org/wiki/Evander_Holyfield%27s_%22Real_Deal%22_Boxing;no-image.png
286;1;4;11;1;Fatal Fury ;http://fr.wikipedia.org/wiki/Fatal_Fury:_King_of_Fighters;no-image.png
287;1;4;11;1;Fatal Fury 2 ;http://fr.wikipedia.org/wiki/Fatal_Fury_2;no-image.png
288;1;4;19;1;fifa 1995 ;http://fr.wikipedia.org/wiki/FIFA_Soccer_95;no-image.png
289;1;4;19;1;Fifa 1996 ;http://fr.wikipedia.org/wiki/FIFA_Soccer_96;no-image.png
290;1;4;19;1;Fifa 1997 ;http://fr.wikipedia.org/wiki/FIFA_97;no-image.png
291;1;4;5;1;Le roi lion ;http://fr.wikipedia.org/wiki/Le_Roi_lion_%28jeu_vid%C3%A9o%29;no-image.png
292;1;4;62;1;Micromachines ;;no-image.png
293;1;4;62;1;Monaco GP 2 ;;no-image.png
294;1;4;62;1;Moonwalker;;no-image.png
295;1;4;41;1;Mortal Kombat ;http://fr.wikipedia.org/wiki/Mortal_Kombat_%28jeu_vid%C3%A9o,_1992%29;no-image.png
296;1;4;41;1;Mortal Kombat 2 ;http://fr.wikipedia.org/wiki/Mortal_Kombat_II;no-image.png
297;1;4;5;1;Olympic gold ;http://fr.wikipedia.org/wiki/Olympic_Gold;no-image.png
298;1;4;5;1;Outrun;http://fr.wikipedia.org/wiki/Out_Run;no-image.png
299;1;4;21;1;Pitfall: The Mayan Adventure ;http://fr.wikipedia.org/wiki/Pitfall:_The_Mayan_Adventure;no-image.png
300;1;4;5;1;Quackshot ;http://fr.wikipedia.org/wiki/Quackshot;no-image.png
301;1;4;33;1;Rocket knight adventures ;http://fr.wikipedia.org/wiki/Rocket_Knight_Adventures;no-image.png
302;1;4;5;1;Sonic 3D Flickies' Island;http://fr.wikipedia.org/wiki/Sonic_3D_Flickies%27_Island;no-image.png
303;1;4;5;1;Sonic compilation (1,2 et Dr. Robotnik's Mean Bean Machine) ;http://fr.wikipedia.org/wiki/Sonic_Compilation#Sonic_Compilation;no-image.png
304;1;4;5;1;Sonic spinball ;http://fr.wikipedia.org/wiki/Sonic_the_Hedgehog_Spinball;no-image.png
305;1;4;5;1;Sonic the Hedgehog ;http://fr.wikipedia.org/wiki/Sonic_the_Hedgehog_%28jeu_vid%C3%A9o,_1991%29;no-image.png
306;1;4;5;1;Sonic the Hedgehog 2 ;http://fr.wikipedia.org/wiki/Sonic_the_Hedgehog_2;no-image.png
307;1;4;5;1;Sonic the Hedgehog 3 ;http://fr.wikipedia.org/wiki/Sonic_the_Hedgehog_3;no-image.png
308;1;4;5;1;Streets of rage ;http://fr.wikipedia.org/wiki/Streets_of_Rage;no-image.png
309;1;4;5;1;Super Hang-on;http://fr.wikipedia.org/wiki/Super_Hang-On;no-image.png
310;1;4;5;1;Tazmania ;http://fr.wikipedia.org/wiki/Taz-Mania;no-image.png
311;1;4;33;1;Teenage Mutant Hero Turtles: The HyperStone Heist ;http://fr.wikipedia.org/wiki/Teenage_Mutant_Hero_Turtles:_The_HyperStone_Heist;no-image.png
312;1;4;48;1;The Incredible Crash Dummies ;http://fr.wikipedia.org/wiki/The_Incredible_Crash_Dummies_%28jeu_vid%C3%A9o%29;no-image.png
313;1;4;62;1;The lucky dime carer donald duck ;;no-image.png
314;1;4;15;1;Winter Olympics;http://fr.wikipedia.org/wiki/Winter_Olympics:_Lillehammer_%2794;no-image.png
315;1;4;62;1;Wonder boy III monster land ;;no-image.png
316;1;4;5;1;World of illusion starring disney's mickey mouse & donald duck ;http://fr.wikipedia.org/wiki/World_of_Illusion;no-image.png
317;1;8;49;1;Command & Conquer ;http://fr.wikipedia.org/wiki/Command_%26_Conquer;no-image.png
318;1;8;62;1;Evangelion;;no-image.png
319;1;8;50;1;Exhumed ;http://fr.wikipedia.org/wiki/Exhumed;no-image.png
320;1;8;13;1;Rayman ;http://fr.wikipedia.org/wiki/Rayman_%28jeu_vid%C3%A9o%29;no-image.png
321;1;8;5;1;Sonic 3D ;http://fr.wikipedia.org/wiki/Sonic_3D_Flickies%27_Island;no-image.png
322;1;8;51;1;Tomb raider ;http://fr.wikipedia.org/wiki/Tomb_Raider;no-image.png
323;1;8;62;1;Tunnel B1 ;;no-image.png
324;1;8;5;1;Virtua Fighter ;http://fr.wikipedia.org/wiki/Virtua_Fighter;no-image.png
325;1;8;5;1;Virtua Fighter 2 ;http://fr.wikipedia.org/wiki/Virtua_Fighter_2;no-image.png
326;1;8;5;1;Virtua Fighter Kids ;;no-image.png
327;1;8;5;1;Virtua Racing ;http://fr.wikipedia.org/wiki/Virtua_Racing;no-image.png
328;1;19;21;1;Civilization II ;http://fr.wikipedia.org/wiki/Civilization_II;no-image.png
329;1;19;49;1;Command & conquer alert rouge mission tesla ;http://fr.wikipedia.org/wiki/Command_%26_Conquer_:_Alerte_rouge#Missions_Tesla;no-image.png
330;1;19;61;1;Diablo ;http://fr.wikipedia.org/wiki/Diablo_%28jeu_vid%C3%A9o%29;no-image.png
331;1;19;53;1;Duke nulem land of the babes ;http://fr.wikipedia.org/wiki/Duke_Nukem:_Land_of_the_Babes;no-image.png
332;1;19;12;1;Dune 2000 ;http://fr.wikipedia.org/wiki/Dune_2000;no-image.png
333;1;19;62;1;Dynasty warriors ;;no-image.png
334;1;19;22;1;Final Fantasy origins;http://fr.wikipedia.org/wiki/Final_Fantasy_Origins;no-image.png
335;1;19;31;1;Final Fantasy Anthology;http://fr.wikipedia.org/wiki/Final_Fantasy_Anthology;no-image.png
336;1;19;31;1;Final Fantasy premium package;;no-image.png
337;1;19;31;1;Final Fantasy VI;http://fr.wikipedia.org/wiki/Final_Fantasy_VI;no-image.png
338;1;19;31;1;Final Fantasy VII ;http://fr.wikipedia.org/wiki/Final_Fantasy_VII;no-image.png
339;1;19;31;1;Final Fantasy VII ;http://fr.wikipedia.org/wiki/Final_Fantasy_VII;no-image.png
340;1;19;31;1;Final Fantasy VII ;http://fr.wikipedia.org/wiki/Final_Fantasy_VII;no-image.png
341;1;19;31;1;Final Fantasy VII platinium;http://fr.wikipedia.org/wiki/Final_Fantasy_VII;no-image.png
342;1;19;31;1;Final Fantasy VII platinium;http://fr.wikipedia.org/wiki/Final_Fantasy_VII;no-image.png
343;1;19;31;1;Final Fantasy VII platinium;http://fr.wikipedia.org/wiki/Final_Fantasy_VII;no-image.png
344;1;19;31;1;Final Fantasy VII version presse;http://fr.wikipedia.org/wiki/Final_Fantasy_VII;no-image.png
345;1;19;31;1;Final Fantasy VII version presse;http://fr.wikipedia.org/wiki/Final_Fantasy_VII;no-image.png
346;1;19;31;1;Final Fantasy VII demo sysgraph 95;http://fr.wikipedia.org/wiki/Final_Fantasy_VII;no-image.png
347;1;19;31;1;Final Fantasy VIII demo;http://fr.wikipedia.org/wiki/Final_Fantasy_VIII;no-image.png
348;1;19;31;1;Final Fantasy VIII demo;http://fr.wikipedia.org/wiki/Final_Fantasy_VIII;no-image.png
349;1;19;31;1;Final Fantasy VIII;http://fr.wikipedia.org/wiki/Final_Fantasy_VIII;no-image.png
350;1;19;31;1;Final Fantasy VIII;http://fr.wikipedia.org/wiki/Final_Fantasy_VIII;no-image.png
351;1;19;31;1;Final Fantasy VIII platinium;http://fr.wikipedia.org/wiki/Final_Fantasy_VIII;no-image.png
352;1;19;31;1;Final Fantasy IX;http://fr.wikipedia.org/wiki/Final_Fantasy_IX;no-image.png
353;1;19;31;1;Final Fantasy IX platinium;http://fr.wikipedia.org/wiki/Final_Fantasy_IX;no-image.png
354;1;19;44;1;Grand tourismo ;http://fr.wikipedia.org/wiki/Gran_Turismo;no-image.png
355;1;19;19;1;Medal of honor ;http://fr.wikipedia.org/wiki/Medal_of_Honor_%28jeu_vid%C3%A9o%29;no-image.png
356;1;19;33;1;Metal gear solid ;http://fr.wikipedia.org/wiki/Metal_Gear_Solid;no-image.png
357;1;19;19;1;NBA live 98 ;http://fr.wikipedia.org/wiki/NBA_Live_98;no-image.png
358;1;19;44;1;Porsche challenge ;http://fr.wikipedia.org/wiki/Porsche_Challenge;no-image.png
359;1;19;13;1;Rayman;http://fr.wikipedia.org/wiki/Rayman_%28jeu_vid%C3%A9o%29;no-image.png
360;1;19;54;1;Syphon filter ;http://fr.wikipedia.org/wiki/Syphon_Filter_%28jeu_vid%C3%A9o%29;no-image.png
361;1;19;44;1;Syphon filter 2 ;http://fr.wikipedia.org/wiki/Syphon_Filter_2;no-image.png
362;1;19;6;1;Tekken 3 ;http://fr.wikipedia.org/wiki/Tekken_3;no-image.png
363;1;19;44;1;Wild arms ;http://fr.wikipedia.org/wiki/Wild_Arms;no-image.png
364;1;20;62;1;Bonanza bros ;;no-image.png
365;1;20;62;1;Buzz le mega quizz ;;no-image.png
366;1;20;62;1;Capcom VS snk 2 ;;no-image.png
367;1;20;32;1;Dragon ball Z budokaï ;http://fr.wikipedia.org/wiki/Dragon_Ball_Z:_Budokai;no-image.png
368;1;20;4;1;Dragon ball Z budokaï 3 ;http://fr.wikipedia.org/wiki/Dragon_Ball_Z:_Budokai_3;no-image.png
369;1;20;4;1;Dragon ball Z budokaï tenkaïchi ;http://fr.wikipedia.org/wiki/Dragon_Ball_Z:_Budokai_Tenkaichi;no-image.png
370;1;20;4;1;Dragon ball Z budokaï tenkaïchi 2 ;http://fr.wikipedia.org/wiki/Dragon_Ball_Z:_Budokai_Tenkaichi_2;no-image.png
371;1;20;22;1;Dragon quest VIII ;http://fr.wikipedia.org/wiki/Dragon_Quest_VIII;no-image.png
372;1;20;44;1;Eye toy play 2 ;;no-image.png
373;1;20;44;1;Eye toy play 3 ;;no-image.png
374;1;20;22;1;Dirge of Cerberus: Final Fantasy VII;http://fr.wikipedia.org/wiki/Dirge_of_Cerberus:_Final_Fantasy_VII;no-image.png
375;1;20;31;1;Final Fantasy X;http://fr.wikipedia.org/wiki/Final_Fantasy_X;no-image.png
376;1;20;31;1;Final Fantasy X;http://fr.wikipedia.org/wiki/Final_Fantasy_X;no-image.png
377;1;20;31;1;Final Fantasy X;http://fr.wikipedia.org/wiki/Final_Fantasy_X;no-image.png
378;1;20;31;1;Final Fantasy X edition special;http://fr.wikipedia.org/wiki/Final_Fantasy_X;no-image.png
379;1;20;31;1;Final Fantasy X platinium;http://fr.wikipedia.org/wiki/Final_Fantasy_X;no-image.png
380;1;20;31;1;Final Fantasy X-2;http://fr.wikipedia.org/wiki/Final_Fantasy_X-2;no-image.png
381;1;20;31;1;Final Fantasy X-2 platinium;http://fr.wikipedia.org/wiki/Final_Fantasy_X-2;no-image.png
382;1;20;22;1;Final Fantasy XII;http://fr.wikipedia.org/wiki/Final_Fantasy_XII;no-image.png
383;1;20;22;1;Final Fantasy XII;http://fr.wikipedia.org/wiki/Final_Fantasy_XII;no-image.png
384;1;20;22;1;Final Fantasy XII;http://fr.wikipedia.org/wiki/Final_Fantasy_XII;no-image.png
385;1;20;44;1;Grand tourismo 3 ;http://fr.wikipedia.org/wiki/Gran_Turismo_3_A-spec;no-image.png
386;1;20;44;1;Grand tourismo 4 ;http://fr.wikipedia.org/wiki/Gran_Turismo_4;no-image.png
387;1;20;55;1;Guitar hero ;http://fr.wikipedia.org/wiki/Guitar_Hero;no-image.png
388;1;20;55;1;Guitar hero II ;http://fr.wikipedia.org/wiki/Guitar_Hero_II;no-image.png
389;1;20;55;1;Guitar hero rock the 80's ;http://fr.wikipedia.org/wiki/Guitar_Hero:_Rocks_the_80s;no-image.png
390;1;20;62;1;Kinetic ;;no-image.png
391;1;20;51;1;Lego star wars ;http://fr.wikipedia.org/wiki/Lego_Star_Wars_:_le_Jeu_vid%C3%A9o;no-image.png
392;1;20;51;1;Lego star wars II : La Trilogie originale;http://fr.wikipedia.org/wiki/Lego_Star_Wars_II_:_la_Trilogie_originale;no-image.png
393;1;20;33;1;Metal gear solid 2 : Sons of Liberty;http://fr.wikipedia.org/wiki/Metal_Gear_Solid_2:_Sons_of_Liberty;no-image.png
394;1;20;33;1;Metal gear solid 3 : Snake Eater;http://fr.wikipedia.org/wiki/Metal_Gear_Solid_3:_Snake_Eater;no-image.png
395;1;20;62;1;Saint Seiya, Les Chevaliers du Zodiaque : Hadès ;;no-image.png
396;1;20;62;1;Saint Seiya, Les Chevaliers du Zodiaque : Le Sanctuaire ;;no-image.png
397;1;20;6;1;Tekken 4 ;http://fr.wikipedia.org/wiki/Tekken_4;no-image.png
398;1;22;13;1;Assasin's creed ;http://fr.wikipedia.org/wiki/Assassin%27s_Creed;no-image.png
399;1;22;13;1;Assasin's creed II ;http://fr.wikipedia.org/wiki/Assassin%27s_Creed_II;no-image.png
400;1;22;13;1;Assasin's creed Brotherhood ;http://fr.wikipedia.org/wiki/Assassin%27s_Creed_:_Brotherhood;no-image.png
401;1;22;13;1;Assasin's creed Revelations ;http://fr.wikipedia.org/wiki/Assassin%27s_Creed_:_Revelations;no-image.png
402;1;22;35;1;Dragon ball Z burst limit ;http://fr.wikipedia.org/wiki/Dragon_Ball_Z:_Burst_Limit;no-image.png
403;1;22;35;1;Dragon ball Z raging blast ;http://fr.wikipedia.org/wiki/Dragon_Ball:_Raging_Blast;no-image.png
404;1;22;19;1;EA sport active 2 ;;no-image.png
405;1;22;57;1;Eternal sonata ;http://fr.wikipedia.org/wiki/Eternal_Sonata;no-image.png
406;1;22;62;1;F1 championship edition ;;no-image.png
407;1;22;22;1;Final Fantasy XIII ;http://fr.wikipedia.org/wiki/Final_Fantasy_XIII;no-image.png
408;1;22;44;1;Grand tourismo 5 ;http://fr.wikipedia.org/wiki/Gran_Turismo_5;no-image.png
409;1;22;55;1;Guitar hero III legends of rock ;http://fr.wikipedia.org/wiki/Guitar_Hero_III:_Legends_of_Rock;no-image.png
410;1;22;56;1;Guitar hero world tour ;http://fr.wikipedia.org/wiki/Guitar_Hero:_World_Tour;no-image.png
411;1;22;62;1;Guitar hero Band Hero ;;no-image.png
412;1;22;21;1;Guitar hero 5 ;http://fr.wikipedia.org/wiki/Guitar_Hero_5;no-image.png
413;1;22;62;1;Guitar hero Wariors of rock;;no-image.png
414;1;22;44;1;Heavenly sword ;http://fr.wikipedia.org/wiki/Heavenly_Sword;no-image.png
415;1;22;37;1;Lego indiana jones la trilogie originale ;http://fr.wikipedia.org/wiki/LEGO_Indiana_Jones_:_la_Trilogie_originale;no-image.png
416;1;22;19;1;Mirror's age ;http://fr.wikipedia.org/wiki/Mirror%27s_Edge;no-image.png
417;1;22;43;1;NBA 2K8 ;http://fr.wikipedia.org/wiki/NBA_2K8;no-image.png
418;1;22;19;1;Need for speed carbon ;http://fr.wikipedia.org/wiki/Need_for_Speed:_Carbon;no-image.png
419;1;22;19;1;Need For Speed Undercover ;http://fr.wikipedia.org/wiki/Need_for_Speed:_Undercover;no-image.png
420;1;22;58;1;Pirates des caraibes : jusqu'au bout du monde ;http://fr.wikipedia.org/wiki/Pirates_des_Cara%C3%AFbes_:_Jusqu%27au_bout_du_monde_%28jeu_vid%C3%A9o%29;no-image.png
421;1;22;44;1;Ratchet & clank operation destruction ;http://fr.wikipedia.org/wiki/Ratchet_%26_Clank_:_Op%C3%A9ration_Destruction;no-image.png
422;1;22;62;1;Sega Megadrive Ultimate Collection;;no-image.png
423;1;22;19;1;Skate ;http://fr.wikipedia.org/wiki/Skate.;no-image.png
424;1;22;62;1;Smack down VS raw 2008 ;;no-image.png
425;1;22;22;1;Star Ocean : The Last Hope ;http://fr.wikipedia.org/wiki/Star_Ocean:_The_Last_Hope;no-image.png
426;1;22;44;1;The eye of the judgment ;http://fr.wikipedia.org/wiki/The_Eye_of_Judgment;no-image.png
427;1;22;10;1;Unrealtournament III ;http://fr.wikipedia.org/wiki/Unreal_Tournament_3;no-image.png
428;1;22;5;1;Virtua Fighters 5 ;http://fr.wikipedia.org/wiki/Virtua_Fighter_5;no-image.png
429;1;24;57;1;Every Extend Extra ;http://fr.wikipedia.org/wiki/Every_Extend_Extra;no-image.png
430;1;24;22;1;Final Fantasy ;http://fr.wikipedia.org/wiki/Final_Fantasy_%28jeu_vid%C3%A9o%29;no-image.png
431;1;24;22;1;Final Fantasy II ;http://fr.wikipedia.org/wiki/Final_Fantasy_II;no-image.png
432;1;24;22;1;Final Fantasy VII crisis core ;http://fr.wikipedia.org/wiki/Crisis_Core:_Final_Fantasy_VII;no-image.png
433;1;24;59;1;Grand theft auto vice city stories ;http://fr.wikipedia.org/wiki/Grand_Theft_Auto:_Vice_City_Stories;no-image.png
434;1;24;62;1;Gunpey ;;no-image.png
435;1;24;19;1;Les sims 2 : animaux & cie ;http://fr.wikipedia.org/wiki/Les_Sims_2_:_Animaux_et_Cie;no-image.png
436;1;24;33;1;Metal gear solid portable ops plus ;http://fr.wikipedia.org/wiki/Metal_Gear_Solid:_Portable_Ops_Plus;no-image.png
437;1;37;60;1;Cartouche n°1 : Casse brique;;no-image.png
438;1;37;60;1;Cartouche n°4 : Flipper;;no-image.png
439;1;37;60;1;Cartouche n°6 : Bataille navale;;no-image.png
